City=ID,City,Country,Date,Lat,Lng,Max Temp,Humidity,Cloudiness,Wind Speed
0,Barrow,US,2022-05-06 02:56:47,71.2906,-156.7887,18.3,90,100,13.04
1,Khatanga,RU,2022-05-06 02:56:48,71.9667,102.5,19.99,84,48,16.46
2,Tazovskiy,RU,2022-05-06 02:56:49,67.4667,78.7,14.86,82,9,11.1
3,Bluff,NZ,2022-05-06 02:56:49,-46.6,168.3333,59.63,76,100,5.32
4,Busselton,AU,2022-05-06 02:56:50,-33.65,115.3333,63.25,48,0,13.15
5,Labuhan,ID,2022-05-06 02:48:15,-6.8844,112.2051,85.39,70,18,4.68
6,Moosomin,CA,2022-05-06 02:56:51,50.1333,-101.6677,58.46,64,92,12.86
7,Atuona,PF,2022-05-06 02:56:52,-9.8,-139.0333,78.98,74,97,14.41
8,Jamestown,US,2022-05-06 02:56:52,42.097,-79.2353,55.06,62,100,1.01
9,Kodiak,US,2022-05-06 02:56:19,57.79,-152.4072,41.13,89,98,10.11
10,Kismayo,SO,2022-05-06 02:56:53,-0.3582,42.5454,78.21,88,83,10.31
11,Marrakesh,MA,2022-05-06 02:56:54,31.6315,-8.0083,66.27,48,0,5.75
12,Brokopondo,SR,2022-05-06 02:56:54,4.75,-55.1667,76.91,91,100,8.05
13,Sioux Lookout,CA,2022-05-06 02:52:29,50.1001,-91.917,44.67,70,40,2.3
14,Saint-Philippe,RE,2022-05-06 02:56:55,-21.3585,55.7679,76.59,86,56,16.64
15,Nemuro,JP,2022-05-06 02:56:56,43.3236,145.575,46.96,81,40,13.71
16,Port Elizabeth,ZA,2022-05-06 02:56:57,-33.918,25.5701,62.31,96,0,12.66
17,Noumea,NC,2022-05-06 02:56:57,-22.2763,166.4572,82.38,99,53,15.03
18,Muros,ES,2022-05-06 02:56:58,42.7762,-9.0603,54.84,77,18,11.03
19,Mataura,NZ,2022-05-06 02:56:58,-46.1927,168.8643,63.95,67,100,1.86
20,Kolyshley,RU,2022-05-06 02:56:59,52.7005,44.5367,36.79,63,0,4.45
21,Ipixuna,BR,2022-05-06 02:57:00,-1.7625,-48.8043,74.64,98,100,2.66
22,Flinders,AU,2022-05-06 02:57:00,-34.5833,150.8552,68.18,47,0,10.0
23,Afrikanda,RU,2022-05-06 02:57:01,67.4429,32.7828,32.81,99,100,4.74
24,Hobart,AU,2022-05-06 02:54:40,-42.8794,147.3294,57.06,87,75,9.22
25,Tiznit,MA,2022-05-06 02:57:02,29.5833,-9.5,64.35,38,0,3.24
26,Hilo,US,2022-05-06 02:57:03,19.7297,-155.09,82.27,98,100,3.0
27,Avarua,CK,2022-05-06 02:57:03,-21.2078,-159.775,82.45,74,20,4.61
28,Nikolskoye,RU,2022-05-06 02:57:04,59.7035,30.7861,44.49,73,84,6.51
29,Hithadhoo,MV,2022-05-06 02:57:05,-0.6,73.0833,84.36,74,96,15.05
30,Bubaque,GW,2022-05-06 02:57:05,11.2833,-15.8333,78.46,70,4,15.84
31,Zorritos,PE,2022-05-06 02:57:06,-3.6805,-80.6782,77.29,79,99,3.6
32,Cape Town,ZA,2022-05-06 02:57:07,-33.9258,18.4232,58.12,93,0,5.01
33,Hamilton,US,2022-05-06 02:55:42,39.1834,-84.5333,58.87,95,100,10.36
34,Castro,BR,2022-05-06 02:57:08,-24.7911,-50.0119,54.1,94,3,2.46
35,Sao Felix Do Xingu,BR,2022-05-06 02:57:08,-6.6447,-51.995,71.73,98,75,1.86
36,Dombas,NO,2022-05-06 02:57:10,62.0696,9.1235,30.09,92,100,0.69
37,Longyearbyen,SJ,2022-05-06 02:57:10,78.2186,15.6401,22.84,86,75,9.22
38,Cayenne,GF,2022-05-06 02:55:16,4.9333,-52.3333,80.1,1,75,1.01
39,Kruisfontein,ZA,2022-05-06 02:57:12,-34.0033,24.7314,57.67,79,6,7.2
40,Santana,BR,2022-05-06 02:57:12,-0.0583,-51.1817,82.58,83,20,6.91
41,San Martin,AR,2022-05-06 02:57:13,-33.081,-68.4681,55.94,49,1,5.26
42,Leningradskiy,RU,2022-05-06 02:57:14,69.3833,178.4167,23.72,88,93,6.17
43,Hasaki,JP,2022-05-06 02:57:14,35.7333,140.8333,77.29,72,100,11.27
44,Vaini,TO,2022-05-06 02:57:15,-21.2,-175.2,78.96,83,75,11.5
45,Acapulco,MX,2022-05-06 02:53:52,16.8634,-99.8901,78.85,71,100,5.14
46,Destin,US,2022-05-06 02:58:16,30.3935,-86.4958,78.96,80,75,8.05
47,Port Blair,IN,2022-05-06 02:52:24,11.6667,92.75,78.84,100,75,5.75
48,Thompson,CA,2022-05-06 02:58:16,55.7435,-97.8558,41.16,75,100,5.75
49,Mar Del Plata,AR,2022-05-06 02:57:39,-38.0023,-57.5575,57.87,77,0,8.05
50,Taoudenni,ML,2022-05-06 02:58:17,22.6783,-3.9836,85.48,11,37,9.19
51,Hermanus,ZA,2022-05-06 02:58:17,-34.4187,19.2345,58.41,89,54,7.52
52,Mahbubabad,IN,2022-05-06 02:58:18,17.6167,80.0167,91.08,50,32,8.34
53,Ushuaia,AR,2022-05-06 02:55:10,-54.8,-68.3,37.06,93,100,35.68
54,Kirakira,SB,2022-05-06 02:52:36,-10.4544,161.9205,84.18,77,54,6.8
55,Port Alfred,ZA,2022-05-06 02:58:22,-33.5906,26.891,67.26,52,0,10.02
56,Dingle,PH,2022-05-06 02:58:22,10.9995,122.6711,89.46,58,99,10.92
57,Ponta Do Sol,PT,2022-05-06 02:58:23,32.6667,-17.1,64.71,71,100,4.16
58,Punta Arenas,CL,2022-05-06 02:58:23,-53.15,-70.9167,39.31,81,40,25.32
59,Port Lincoln,AU,2022-05-06 02:58:24,-34.7333,135.8667,60.73,47,70,10.51
60,Saldanha,ZA,2022-05-06 02:58:24,-33.0117,17.9442,53.65,90,77,1.59
61,Torbay,CA,2022-05-06 02:58:25,47.6666,-52.7314,42.76,96,100,10.36
62,Male,MV,2022-05-06 02:58:25,4.1748,73.5089,84.15,84,75,14.97
63,Henties Bay,NA,2022-05-06 02:58:26,-22.116,14.2845,63.16,71,0,4.41
64,Tuktoyaktuk,CA,2022-05-06 02:58:26,69.4541,-133.0374,26.6,100,100,17.27
65,Puerto Escondido,MX,2022-05-06 02:53:46,15.85,-97.0667,80.98,66,6,3.38
66,Lahij,YE,2022-05-06 02:58:27,13.1667,44.5833,78.04,45,3,1.23
67,Fortuna,US,2022-05-06 02:58:28,40.5982,-124.1573,60.66,85,100,13.8
68,Norman Wells,CA,2022-05-06 02:58:28,65.282,-126.8329,37.44,70,75,10.36
69,Mwinilunga,ZM,2022-05-06 02:58:29,-11.7358,24.4293,56.59,92,100,3.76
70,Lufkin,US,2022-05-06 02:58:29,31.3382,-94.7291,66.83,95,75,5.75
71,Bredasdorp,ZA,2022-05-06 02:58:30,-34.5322,20.0403,56.59,93,18,5.28
72,East London,ZA,2022-05-06 02:58:30,-33.0153,27.9116,69.71,38,0,5.77
73,Vardo,NO,2022-05-06 02:58:31,70.3705,31.1107,35.4,97,100,14.67
74,Ribeira Grande,PT,2022-05-06 02:58:31,38.5167,-28.7,63.3,88,100,29.8
75,Karratha,AU,2022-05-06 02:58:32,-20.7377,116.8463,83.12,31,0,21.7
76,Emerald,AU,2022-05-06 02:58:32,-23.5333,148.1667,75.34,69,100,10.36
77,Tasiilaq,GL,2022-05-06 02:58:33,65.6145,-37.6368,10.47,70,9,6.76
78,Esperance,AU,2022-05-06 02:58:33,-33.8667,121.9,62.44,52,14,8.08
79,Worksop,GB,2022-05-06 02:58:34,53.3018,-1.124,53.31,85,87,5.19
80,Chapais,CA,2022-05-06 02:58:34,49.7834,-74.8492,28.18,86,32,5.59
81,Pisco,PE,2022-05-06 02:55:11,-13.7,-76.2167,64.02,88,0,14.97
82,Walvis Bay,NA,2022-05-06 02:58:35,-22.9575,14.5053,54.55,94,0,1.14
83,Harper,LR,2022-05-06 02:58:35,4.375,-7.7169,80.08,85,43,3.76
84,Auki,SB,2022-05-06 02:58:36,-8.7676,160.7034,86.16,63,78,3.56
85,Mustasaari,FI,2022-05-06 02:58:36,63.1142,21.6822,38.89,100,0,2.3
86,Kapaa,US,2022-05-06 02:58:37,22.0752,-159.319,82.38,82,33,5.99
87,Saint-Benoit,RE,2022-05-06 02:58:37,-21.038,55.7194,77.11,84,60,15.3
88,Terbuny,RU,2022-05-06 02:58:38,52.1389,38.2789,37.9,63,20,4.9
89,Tateyama,JP,2022-05-06 02:58:38,34.9833,139.8667,66.63,72,100,8.21
90,Den Helder,NL,2022-05-06 02:55:15,52.9599,4.7593,47.97,99,100,7.0
91,Bow Island,CA,2022-05-06 02:59:39,49.8668,-111.3684,73.15,48,100,13.8
92,Moussoro,TD,2022-05-06 02:59:39,13.6408,16.4901,88.54,31,99,7.96
93,Athabasca,CA,2022-05-06 02:55:59,54.7169,-113.2854,66.61,78,100,13.09
94,Husavik,IS,2022-05-06 02:59:40,66.0449,-17.3389,31.84,90,100,23.71
95,Rikitea,PF,2022-05-06 02:59:29,-23.1203,-134.9692,78.01,85,66,16.15
96,Dudinka,RU,2022-05-06 02:59:41,69.4058,86.1778,13.62,88,92,17.18
97,Svarstad,NO,2022-05-06 02:59:41,59.399,9.9698,41.36,31,11,3.53
98,Saposoa,PE,2022-05-06 02:59:21,-6.934,-76.7716,69.46,99,79,2.17
99,Rio Grande,BR,2022-05-06 02:57:06,-32.035,-52.0986,48.94,73,40,2.71
100,Houma,US,2022-05-06 02:54:46,29.5958,-90.7195,79.0,83,75,7.0
101,Chuy,UY,2022-05-06 02:59:42,-33.6971,-53.4616,54.18,85,38,4.7
102,Northam,GB,2022-05-06 02:59:43,51.0333,-4.2167,51.62,87,64,5.61
103,Mayo,US,2022-05-06 02:59:43,38.8876,-76.5119,62.13,89,40,1.01
104,Anina,RO,2022-05-06 02:58:18,45.0794,21.8569,56.35,86,74,6.46
105,Narsaq,GL,2022-05-06 02:59:44,60.9167,-46.05,33.44,96,100,12.33
106,Provideniya,RU,2022-05-06 02:59:45,64.3833,-173.3,30.36,80,20,2.24
107,Kjollefjord,NO,2022-05-06 02:59:45,70.9457,27.3465,39.25,81,0,13.8
108,Linqiong,CN,2022-05-06 02:59:46,30.4159,103.4609,76.82,46,99,3.0
109,Puerto Madryn,AR,2022-05-06 02:54:56,-42.7692,-65.0385,60.28,56,67,11.03
110,Asfi,MA,2022-05-06 02:55:12,32.2994,-9.2372,63.01,77,0,14.18
111,Pusad,IN,2022-05-06 02:59:46,19.9,77.5833,97.63,19,1,18.32
112,Talnakh,RU,2022-05-06 02:59:47,69.4865,88.3972,13.21,87,99,14.23
113,Iqaluit,CA,2022-05-06 02:59:47,63.7506,-68.5145,13.73,79,20,12.66
114,Yulara,AU,2022-05-06 02:59:43,-25.2406,130.9889,58.84,36,100,14.97
115,Cherskiy,RU,2022-05-06 02:59:48,68.75,161.3,35.08,100,100,8.43
116,Maragogi,BR,2022-05-06 02:59:48,-9.0122,-35.2225,77.61,82,100,8.21
117,Bengkulu,ID,2022-05-06 02:59:49,-3.8004,102.2655,84.79,65,82,1.52
118,Wuan,CN,2022-05-06 02:59:49,31.6836,112.0044,82.24,50,0,4.47
119,Albany,US,2022-05-06 02:58:51,42.6001,-73.9662,54.86,71,100,4.21
120,Cabo San Lucas,MX,2022-05-06 02:59:38,22.8909,-109.9124,74.52,66,0,9.31
121,Gagra,GE,2022-05-06 02:59:50,43.3283,40.2239,49.14,88,94,6.6
122,Halifax,CA,2022-05-06 02:59:40,44.6453,-63.5724,42.69,85,44,1.99
123,Whitehorse,CA,2022-05-06 02:54:56,60.7161,-135.0538,48.97,31,75,10.36
124,Stornoway,GB,2022-05-06 02:59:51,58.2093,-6.3865,53.56,94,100,11.5
125,Puerto Del Rosario,ES,2022-05-06 02:52:31,28.5004,-13.8627,64.15,72,0,8.05
126,Araouane,ML,2022-05-06 02:59:52,18.9048,-3.5265,87.44,22,100,7.72
127,Lotofaga,WS,2022-05-06 02:59:52,-13.9764,-171.8578,87.58,73,28,6.67
128,Ancud,CL,2022-05-06 02:59:36,-41.8697,-73.8203,53.49,88,95,7.49
129,Bilma,NE,2022-05-06 02:59:53,18.6853,12.9164,87.19,14,2,7.67
130,Upernavik,GL,2022-05-06 02:59:43,72.7868,-56.1549,1.71,92,62,4.85
131,Luderitz,NA,2022-05-06 02:59:48,-26.6481,15.1594,58.21,85,0,10.13
132,Lebu,CL,2022-05-06 02:59:54,-37.6167,-73.65,51.49,85,0,3.53
133,Port Hardy,CA,2022-05-06 02:54:55,50.6996,-127.4199,48.38,76,75,6.91
134,Buala,SB,2022-05-06 02:59:54,-8.145,159.5921,85.96,67,100,7.74
135,Santa Maria,BR,2022-05-06 02:59:55,-29.6842,-53.8069,52.9,100,20,2.3
136,Mehamn,NO,2022-05-06 02:59:55,71.0357,27.8492,37.35,81,0,13.8
137,Nhulunbuy,AU,2022-05-06 02:55:18,-12.2333,136.7667,88.41,62,40,20.71
138,Inca,ES,2022-05-06 03:00:56,39.7211,2.9109,59.0,71,74,5.75
139,Komsomolskiy,UZ,2022-05-06 03:00:56,40.4272,71.7189,68.72,64,100,4.61
140,Geraldton,AU,2022-05-06 03:00:57,-28.7667,114.6,72.01,28,0,19.57
141,San Marcos,US,2022-05-06 03:00:57,33.1434,-117.1661,70.45,81,6,1.99
142,Yellowknife,CA,2022-05-06 03:00:18,62.456,-114.3525,45.23,70,93,4.52
143,Tuatapere,NZ,2022-05-06 03:00:58,-46.1333,167.6833,64.15,66,99,2.46
144,Garachine,PA,2022-05-06 03:00:59,8.0647,-78.3628,76.87,92,100,15.01
145,Kavaratti,IN,2022-05-06 03:00:59,10.5669,72.642,84.83,71,100,12.44
146,Viet Tri,VN,2022-05-06 03:00:59,21.3019,105.4308,80.55,52,85,3.62
147,Saskylakh,RU,2022-05-06 03:01:00,71.9167,114.0833,28.35,90,100,12.53
148,North Bend,US,2022-05-06 03:00:16,43.4065,-124.2243,56.91,100,100,1.99
149,Kaeo,NZ,2022-05-06 03:01:01,-35.1,173.7833,69.33,66,1,9.31
150,Carnarvon,AU,2022-05-06 02:59:42,-24.8667,113.6333,80.67,28,0,13.8
151,Bathsheba,BB,2022-05-06 03:01:02,13.2167,-59.5167,78.22,81,66,17.45
152,San Carlos,VE,2022-05-06 02:59:08,9.6612,-68.5827,78.15,75,100,1.41
153,Tiksi,RU,2022-05-06 03:01:02,71.6872,128.8694,21.56,83,11,7.49
154,Santa Rosa De Viterbo,BR,2022-05-06 03:01:03,-21.4728,-47.3631,51.84,86,0,2.13
155,Guadalajara,MX,2022-05-06 03:00:20,20.6667,-103.3333,79.99,31,43,4.0
156,Cap-Aux-Meules,CA,2022-05-06 03:01:03,47.3821,-61.8597,37.62,80,56,17.85
157,Arraial Do Cabo,BR,2022-05-06 02:59:34,-22.9661,-42.0278,73.99,81,0,23.02
158,Yinchuan,CN,2022-05-06 03:01:04,38.4681,106.2731,67.15,23,60,12.77
159,Mahebourg,MU,2022-05-06 02:59:45,-20.4081,57.7,75.49,88,40,18.41
160,Grindavik,IS,2022-05-06 03:01:05,63.8424,-22.4338,36.07,80,40,13.8
161,Suntar,RU,2022-05-06 03:01:05,62.1444,117.6319,39.25,87,100,7.78
162,Valparaiso,CL,2022-05-06 03:01:02,-33.0393,-71.6273,57.47,84,1,10.33
163,Pimentel,PE,2022-05-06 03:01:06,-6.8367,-79.9342,65.41,87,100,10.98
164,Dongsheng,CN,2022-05-06 03:00:30,39.8161,109.9776,54.52,24,100,23.89
165,Ono,JP,2022-05-06 02:59:33,34.85,134.9333,72.88,41,87,9.04
166,Itarema,BR,2022-05-06 03:01:07,-2.9248,-39.9167,74.84,92,52,9.75
167,Georgetown,MY,2022-05-06 02:54:52,5.4112,100.3354,87.73,78,20,5.01
168,Honningsvag,NO,2022-05-06 03:01:08,70.9821,25.9704,38.95,75,100,13.8
169,Zlobin,HR,2022-05-06 03:01:08,45.2924,14.6541,48.16,92,75,2.3
170,Chokurdakh,RU,2022-05-06 03:01:09,70.6333,147.9167,28.29,89,100,10.47
171,Qaanaaq,GL,2022-05-06 02:59:33,77.484,-69.3632,11.44,75,25,7.54
172,Cascais,PT,2022-05-06 03:01:10,38.6979,-9.4215,58.93,70,0,5.99
173,Ambovombe,MG,2022-05-06 03:01:10,-25.1667,46.0833,67.98,87,2,5.75
174,Brigantine,US,2022-05-06 03:01:11,39.4101,-74.3646,54.05,90,100,6.78
175,Carinhanha,BR,2022-05-06 03:01:11,-14.3047,-43.765,77.52,52,44,5.26
176,Mangit,UZ,2022-05-06 03:01:12,40.5971,70.9607,73.62,50,100,1.05
177,Domoni,KM,2022-05-06 03:01:12,-12.2569,44.5319,80.13,76,38,14.36
178,Qui Nhon,VN,2022-05-06 03:01:13,13.7667,109.2333,82.33,77,97,6.73
179,Calvinia,ZA,2022-05-06 03:01:13,-31.4707,19.776,57.61,43,0,4.72
180,Poya,NC,2022-05-06 03:02:14,-21.35,165.15,81.45,61,2,8.61
181,Sarai,RU,2022-05-06 03:02:14,53.7458,41.0213,37.9,64,47,4.09
182,Kahului,US,2022-05-06 03:02:15,20.8947,-156.47,75.97,95,100,7.0
183,Guerrero Negro,MX,2022-05-06 03:02:15,27.9769,-114.0611,60.51,89,15,15.55
184,Papillion,US,2022-05-06 03:02:16,41.1544,-96.0422,56.41,92,100,4.0
185,Polewali,ID,2022-05-06 03:02:16,-3.4324,119.3435,87.42,66,57,4.5
186,Maningrida,AU,2022-05-06 03:02:17,-12.0667,134.2667,90.52,48,21,13.02
187,Kalakamati,BW,2022-05-06 03:02:17,-20.5929,27.3121,55.99,66,0,6.29
188,Namibe,AO,2022-05-06 03:01:27,-15.1961,12.1522,77.4,50,0,1.19
189,Saint-Augustin,CA,2022-05-06 03:02:18,51.226,-58.6502,35.55,76,56,6.53
190,Arroyo,ES,2022-05-06 03:02:19,41.6096,-4.7969,46.44,83,0,9.22
191,Ostrovnoy,RU,2022-05-06 03:02:19,68.0531,39.5131,28.08,90,76,20.85
192,Merritt Island,US,2022-05-06 03:02:20,28.5392,-80.672,79.05,79,0,9.22
193,Adre,TD,2022-05-06 03:02:20,13.4667,22.2,81.28,19,100,8.5
194,Sigmaringen,DE,2022-05-06 03:02:21,48.0833,9.2167,50.27,98,100,5.32
195,Palauig,PH,2022-05-06 03:02:21,15.435,119.9045,87.55,60,27,6.4
196,Bethel,US,2022-05-06 03:02:22,41.3712,-73.414,58.33,59,100,0.85
197,Lata,PT,2022-05-06 03:02:22,40.1629,-8.3327,55.08,83,1,2.86
198,Duluth,US,2022-05-06 03:01:46,46.7833,-92.1066,46.45,75,75,8.05
199,Murgab,TM,2022-05-06 03:02:23,37.4966,61.9714,76.5,43,9,12.46
200,Lodwar,KE,2022-05-06 02:58:53,3.1191,35.5973,80.8,59,9,7.63
201,Upata,VE,2022-05-06 03:02:23,8.0086,-62.3989,74.19,91,89,5.48
202,Vestmannaeyjar,IS,2022-05-06 03:02:24,63.4427,-20.2734,39.99,71,44,25.84
203,Pevek,RU,2022-05-06 03:02:24,69.7008,170.3133,29.62,88,95,4.99
204,Saint-Pierre,RE,2022-05-06 03:02:25,-21.3393,55.4781,76.68,78,15,27.63
205,Kawalu,ID,2022-05-06 03:02:25,-7.3817,108.2082,84.76,67,38,3.91
206,Severo-Kurilsk,RU,2022-05-06 03:02:14,50.6789,156.125,37.63,81,79,4.56
207,Magistralnyy,RU,2022-05-06 03:02:26,56.1725,107.4458,48.67,35,62,7.38
208,La Romana,DO,2022-05-06 03:02:27,18.4273,-68.9728,74.25,89,74,10.45
209,Codrington,AU,2022-05-06 03:02:27,-38.2667,141.9667,52.43,80,100,7.9
210,Sao Joao Da Barra,BR,2022-05-06 03:02:28,-21.6403,-41.0511,71.42,84,5,11.56
211,Yonago,JP,2022-05-06 03:02:28,35.4333,133.3333,73.58,46,52,6.33
212,Podor,MR,2022-05-06 03:02:29,16.6527,-14.9587,81.19,22,0,13.58
213,Havelock,US,2022-05-06 02:59:05,34.8791,-76.9013,67.98,89,100,7.0
214,Virginia Beach,US,2022-05-06 03:02:29,36.8529,-75.978,61.03,88,98,1.01
215,Korgen,NO,2022-05-06 03:02:30,66.0771,13.8153,39.18,99,100,7.85
216,San Quintin,MX,2022-05-06 03:02:30,30.4833,-115.95,61.23,88,5,11.72
217,San Patricio,US,2022-05-06 03:02:31,28.017,-97.5169,81.9,83,44,6.64
218,Pangody,RU,2022-05-06 03:02:31,65.85,74.4859,19.33,86,96,6.06
219,Puerto Ayora,EC,2022-05-06 03:01:34,-0.7393,-90.3518,73.18,93,100,5.79
220,Abaete,BR,2022-05-06 03:02:32,-19.16,-45.4458,62.44,81,9,3.65
221,Constitucion,CL,2022-05-06 03:02:33,-35.3333,-72.4167,55.08,89,0,6.46
222,Zacatepec,MX,2022-05-06 03:02:33,18.65,-99.2,88.65,20,19,1.34
223,Ilulissat,GL,2022-05-06 03:02:34,69.2167,-51.1,14.02,62,2,0.0
224,Necochea,AR,2022-05-06 02:53:53,-38.5473,-58.7368,55.89,68,90,11.63
225,Altay,CN,2022-05-06 03:00:59,47.8667,88.1167,62.56,51,100,4.83
226,Khorramshahr,IR,2022-05-06 03:03:34,30.4397,48.1664,78.75,26,4,8.12
227,Sume,BR,2022-05-06 03:03:35,-7.6717,-36.88,67.5,96,92,5.46
228,Nshamba,TZ,2022-05-06 03:03:36,-1.7983,31.5511,61.38,91,72,4.88
229,Bambous Virieux,MU,2022-05-06 03:03:36,-20.3428,57.7575,75.45,88,40,18.41
230,Mount Darwin,ZW,2022-05-06 03:03:37,-16.7725,31.5838,56.95,94,7,1.99
231,Nome,US,2022-05-06 03:03:37,64.5011,-165.4064,40.15,74,19,7.87
232,Veraval,IN,2022-05-06 03:03:38,20.9,70.3667,83.43,65,0,10.0
233,Stephenville,US,2022-05-06 03:00:14,32.2207,-98.2023,67.15,63,0,0.0
234,Frumusica,RO,2022-05-06 03:03:38,47.5333,26.9,49.55,67,26,5.68
235,Gat,IL,2022-05-06 03:03:39,31.61,34.7642,63.28,100,73,10.76
236,Port-Cartier,CA,2022-05-06 03:02:49,50.0334,-66.8654,33.44,84,100,9.66
237,Bardiyah,LY,2022-05-06 03:03:39,31.7561,25.0865,59.29,78,3,3.11
238,Chandler,US,2022-05-06 03:00:00,33.3062,-111.8412,89.6,11,0,1.01
239,Nanortalik,GL,2022-05-06 03:03:40,60.1432,-45.2371,34.27,95,100,14.65
240,Ellisras,ZA,2022-05-06 03:03:40,-23.6649,27.7443,59.14,64,0,3.69
241,Hualmay,PE,2022-05-06 03:03:41,-11.0964,-77.6139,64.4,88,27,9.08
242,Christchurch,NZ,2022-05-06 03:02:17,-43.5333,172.6333,72.41,68,0,3.0
243,Maudaha,IN,2022-05-06 03:03:41,25.6833,80.1167,95.77,22,2,4.43
244,Isangel,VU,2022-05-06 03:03:42,-19.55,169.2667,80.31,71,10,13.42
245,Puerto Cabello,VE,2022-05-06 03:03:42,10.4731,-68.0125,79.11,90,100,10.51
246,Kumluca,TR,2022-05-06 03:03:43,36.3703,30.2869,59.47,46,0,7.96
247,Sinnamary,GF,2022-05-06 03:01:17,5.3833,-52.95,77.9,89,100,8.59
248,Butaritari,KI,2022-05-06 02:59:34,3.0707,172.7902,81.64,71,42,17.81
249,Chiang Kham,TH,2022-05-06 03:03:44,19.5233,100.3,85.21,59,10,2.3
250,Kiruna,SE,2022-05-06 03:03:44,67.8557,20.2251,32.92,69,96,13.8
251,Makokou,GA,2022-05-06 03:03:45,0.5738,12.8642,70.25,98,100,2.1
252,Lavrentiya,RU,2022-05-06 03:03:45,65.5833,-171.0,26.67,78,16,1.23
253,Iwaki,JP,2022-05-06 03:03:46,37.05,140.8833,72.01,69,98,5.99
254,Staphorst,NL,2022-05-06 03:03:47,52.645,6.2111,50.97,90,76,2.89
255,Maradi,NE,2022-05-06 03:03:47,13.5,7.1017,83.12,49,77,7.58
256,Luganville,VU,2022-05-06 03:03:48,-15.5333,167.1667,83.17,75,36,7.72
257,Yangambi,CD,2022-05-06 03:03:48,0.8102,24.4336,69.01,99,79,0.96
258,Renqiu,CN,2022-05-06 03:03:49,38.6989,116.0936,69.3,41,89,24.25
259,Taganak,PH,2022-05-06 03:03:49,6.0833,118.3,82.44,79,91,6.87
260,Port Hedland,AU,2022-05-06 03:03:50,-20.3167,118.5667,82.45,32,0,16.11
261,Progreso,MX,2022-05-06 03:03:50,21.2833,-89.6667,87.91,67,33,9.35
262,Kemijarvi,FI,2022-05-06 03:03:51,66.7131,27.4306,31.48,97,64,5.97
263,Padang,ID,2022-05-06 03:03:51,-0.9492,100.3543,86.05,80,100,4.16
264,Airai,TL,2022-05-06 03:02:09,-8.9266,125.4092,70.36,74,63,3.58
265,Batemans Bay,AU,2022-05-06 03:03:52,-35.7167,150.1833,61.11,36,0,9.33
266,Starozhilovo,RU,2022-05-06 03:03:52,54.2254,39.916,32.04,58,35,5.08
267,Beloha,MG,2022-05-06 03:03:53,-25.1667,45.05,67.87,81,7,9.13
268,Mahina,PF,2022-05-06 03:03:53,-17.5065,-149.489,78.57,83,40,9.22
269,Teya,RU,2022-05-06 03:03:54,60.3778,92.6267,50.52,55,61,2.24
270,Acarau,BR,2022-05-06 03:03:54,-2.8856,-40.12,75.72,90,48,10.85
271,Sao Jose Da Coroa Grande,BR,2022-05-06 03:03:55,-8.8978,-35.1478,77.99,82,100,8.79
272,Caravelas,BR,2022-05-06 03:03:55,-17.7125,-39.2481,78.82,83,1,10.33
273,Lavumisa,SZ,2022-05-06 03:04:56,-27.31,31.892,59.05,91,0,3.15
274,Kaseda,JP,2022-05-06 03:04:56,31.4167,130.3167,67.44,89,100,12.1
275,Ulladulla,AU,2022-05-06 03:04:57,-35.35,150.4667,61.77,36,0,9.98
276,Dolores,AR,2022-05-06 03:04:57,-36.3132,-57.6792,51.96,83,80,7.4
277,Yakima,US,2022-05-06 03:04:57,46.4665,-120.6678,57.13,62,0,12.66
278,Imeni Poliny Osipenko,RU,2022-05-06 03:04:58,52.4201,136.4853,34.63,98,100,12.01
279,College,US,2022-05-06 03:04:58,64.8569,-147.8028,51.58,66,75,4.61
280,Mogadishu,SO,2022-05-06 03:04:59,2.0371,45.3438,80.8,81,80,13.53
281,Fairbanks,US,2022-05-06 03:03:28,64.8378,-147.7164,52.09,65,100,1.01
282,Port-Gentil,GA,2022-05-06 03:00:36,-0.7193,8.7815,79.45,86,100,6.02
283,Manaure,CO,2022-05-06 03:05:00,11.7751,-72.4445,82.47,74,100,15.32
284,Pomichna,UA,2022-05-06 03:05:00,48.2422,31.4158,40.64,74,7,7.76
285,Bowen,AU,2022-05-06 03:05:01,-20.0167,148.2333,79.07,75,84,9.37
286,Ladushkin,RU,2022-05-06 03:05:01,54.5703,20.171,44.76,90,90,5.53
287,Callaguip,PH,2022-05-06 03:05:02,18.0714,120.4867,85.53,71,15,9.15
288,Margate,GB,2022-05-06 03:05:02,51.3813,1.3862,54.7,76,19,1.01
289,Severomuysk,RU,2022-05-06 03:05:03,56.1481,113.4267,25.05,77,87,6.06
290,Perevolotskiy,RU,2022-05-06 03:05:04,51.8763,54.1938,37.31,60,26,14.7
291,Soloneshnoye,RU,2022-05-06 03:05:04,51.6544,84.3197,63.05,38,2,4.79
292,Touros,BR,2022-05-06 03:05:05,-5.1989,-35.4608,76.73,92,100,9.51
293,Brae,GB,2022-05-06 03:05:05,60.3964,-1.353,49.75,97,100,21.27
294,Morant Bay,JM,2022-05-06 03:05:06,17.8815,-76.4093,82.02,85,17,7.47
295,Alamosa,US,2022-05-06 03:05:06,37.4695,-105.87,55.38,16,0,5.75
296,Vestmanna,FO,2022-05-06 03:05:07,62.1564,-7.1664,45.52,93,100,18.41
297,Alvaraes,BR,2022-05-06 03:05:07,-3.2208,-64.8042,72.7,98,25,0.63
298,Kamenka,RU,2022-05-06 03:05:08,51.3223,42.7678,38.66,64,37,5.26
299,Kieta,PG,2022-05-06 03:05:08,-6.2167,155.6333,84.51,75,90,7.56
300,Comodoro Rivadavia,AR,2022-05-06 03:05:09,-45.8667,-67.5,55.26,38,0,29.93
301,Nahrin,AF,2022-05-06 03:05:09,36.0649,69.1334,69.08,48,0,1.12
302,Marfino,RU,2022-05-06 03:05:10,55.7028,37.3822,41.16,48,0,6.71
303,Sambava,MG,2022-05-06 03:05:10,-14.2667,50.1667,72.7,84,11,8.46
304,Broome,US,2022-05-06 03:05:11,42.2506,-75.833,53.98,64,0,6.91
305,Gizo,SB,2022-05-06 03:05:11,-8.103,156.8419,84.7,71,21,6.13
306,Yenagoa,NG,2022-05-06 03:05:11,4.9247,6.2642,76.87,95,100,2.89
307,Lokosovo,RU,2022-05-06 03:05:12,61.1333,74.8167,35.85,96,100,13.38
308,Ambilobe,MG,2022-05-06 03:05:13,-13.2,49.05,68.29,91,14,2.95
309,Bodden Town,KY,2022-05-06 03:05:13,19.2833,-81.25,80.92,80,0,3.44
310,Kardla,EE,2022-05-06 03:05:14,58.9978,22.7492,40.98,87,0,6.91
311,Axim,GH,2022-05-06 03:05:14,4.8699,-2.2405,79.92,84,100,2.68
312,Jalu,LY,2022-05-06 03:05:15,29.0331,21.5482,66.65,30,0,10.65
313,Lima,PE,2022-05-06 03:05:15,-12.0432,-77.0282,67.89,77,0,14.97
314,Marsh Harbour,BS,2022-05-06 03:05:16,26.5412,-77.0636,76.28,76,0,3.13
315,Dikson,RU,2022-05-06 02:59:32,73.5069,80.5464,15.96,91,100,24.11
316,Dwarka,IN,2022-05-06 03:05:16,22.2394,68.9678,82.92,68,0,12.19
317,Kaitangata,NZ,2022-05-06 03:05:17,-46.2817,169.8464,63.12,64,100,1.9
318,Dhidhdhoo,MV,2022-05-06 03:05:17,6.8833,73.1,82.81,73,100,12.37
319,Kota Belud,MY,2022-05-06 03:05:18,6.351,116.4305,87.67,64,93,5.08
320,Giresun,TR,2022-05-06 03:06:18,40.5,38.5,26.06,99,100,5.1
321,Kuching,MY,2022-05-06 03:06:19,1.55,110.3333,88.02,74,40,2.3
322,Clyde River,CA,2022-05-06 03:03:21,70.4692,-68.5914,11.05,90,75,4.36
323,Sabzevar,IR,2022-05-06 03:02:04,36.2126,57.6819,73.69,40,92,7.67
324,Aykhal,RU,2022-05-06 02:59:42,66.0,111.5,34.25,97,100,16.89
325,Olafsvik,IS,2022-05-06 03:06:20,64.8945,-23.7142,35.6,65,36,17.92
326,Mangrol,IN,2022-05-06 03:06:20,21.1167,70.1167,83.46,64,0,9.93
327,Huarmey,PE,2022-05-06 03:06:21,-10.0681,-78.1522,65.5,88,79,9.17
328,Shimoda,JP,2022-05-06 03:06:21,34.6667,138.95,67.44,66,100,5.5
329,Arlit,NE,2022-05-06 03:06:22,18.7369,7.3853,88.47,14,22,7.7
330,Paamiut,GL,2022-05-06 03:06:23,61.994,-49.6678,32.49,85,100,7.9
331,Marystown,CA,2022-05-06 03:06:23,47.1666,-55.1483,41.86,100,100,4.03
332,Amboasary,MG,2022-05-06 03:06:24,-25.0333,46.3833,67.86,88,5,4.52
333,Lasa,IT,2022-05-06 03:06:24,46.6166,10.7002,46.36,98,100,2.57
334,Diego De Almagro,CL,2022-05-06 03:06:25,-26.3667,-70.05,59.7,54,100,0.63
335,Zirgan,RU,2022-05-06 03:06:25,53.2222,55.9185,36.46,66,67,14.23
336,Cuamba,MZ,2022-05-06 03:06:26,-14.8031,36.5372,66.36,87,100,2.8
337,Pangnirtung,CA,2022-05-06 03:06:27,66.1451,-65.7125,9.23,90,31,5.99
338,Natal,BR,2022-05-06 03:04:26,-5.795,-35.2094,75.85,100,75,4.61
339,Ixtapa,MX,2022-05-06 03:06:27,20.7,-105.2,76.23,83,40,5.75
340,Aklavik,CA,2022-05-06 03:02:12,68.2191,-135.0107,28.29,86,100,12.35
341,Laguna,US,2022-05-06 03:05:02,38.421,-121.4238,70.45,58,0,13.8
342,Toktogul,KG,2022-05-06 03:06:28,41.8708,72.9402,60.31,70,94,0.74
343,Forio,IT,2022-05-06 03:06:29,40.7342,13.8646,63.82,79,99,27.2
344,Hofn,IS,2022-05-06 03:06:30,64.2539,-15.2082,39.02,53,0,12.37
345,Riedlingen,DE,2022-05-06 03:06:30,48.1545,9.4756,52.79,97,100,5.66
346,Deputatskiy,RU,2022-05-06 03:06:30,69.3,139.9,26.69,94,100,3.13
347,Ohara,JP,2022-05-06 03:06:31,35.25,140.3833,67.35,70,100,8.41
348,Mahuva,IN,2022-05-06 03:06:31,21.0914,71.7622,86.68,48,0,4.83
349,Groa,NO,2022-05-06 03:06:32,62.65,8.7167,43.2,76,100,11.45
350,Lekoni,GA,2022-05-06 03:06:32,-1.5843,14.2591,73.96,85,100,3.56
351,Mount Isa,AU,2022-05-06 03:02:00,-20.7333,139.5,73.17,31,8,10.36
352,Puno,PE,2022-05-06 03:06:33,-15.8333,-70.0333,41.0,48,0,2.01
353,Dandong,CN,2022-05-06 03:06:34,40.1292,124.3947,60.22,74,100,5.55
354,Namie,JP,2022-05-06 03:06:34,37.4833,141.0,81.55,61,100,1.99
355,Alindao,CF,2022-05-06 03:06:35,5.0267,21.2088,69.75,96,58,2.21
356,Egvekinot,RU,2022-05-06 03:06:35,66.3167,-179.1667,21.43,87,95,3.44
357,Torquay,GB,2022-05-06 03:06:35,50.4638,-3.5143,50.05,91,61,1.01
358,Staroutkinsk,RU,2022-05-06 03:06:36,57.2302,59.3348,30.92,84,100,13.22
359,Phan Thiet,VN,2022-05-06 03:06:36,10.9333,108.1,87.8,62,66,13.49
360,San Cristobal,VE,2022-05-06 03:06:37,7.7669,-72.225,75.38,86,100,2.64
361,Cidreira,BR,2022-05-06 03:06:38,-30.1811,-50.2056,63.0,69,67,5.12
362,Gaogou,CN,2022-05-06 03:06:38,34.0175,119.1886,80.74,41,6,6.76
363,Tabou,CI,2022-05-06 03:07:39,4.423,-7.3528,79.88,87,30,2.75
364,Biak,ID,2022-05-06 03:07:39,-0.9131,122.8766,85.1,67,96,2.04
365,Zhanaozen,KZ,2022-05-06 03:07:44,43.3,52.8,64.9,62,86,17.54
366,Tambopata,PE,2022-05-06 03:07:44,-12.7333,-69.1833,65.61,72,0,1.16
367,Meulaboh,ID,2022-05-06 03:07:47,4.1363,96.1285,76.55,96,100,12.28
368,Balkanabat,TM,2022-05-06 03:07:47,39.5108,54.3671,80.56,38,38,1.86
369,Gorontalo,ID,2022-05-06 03:04:05,0.5412,123.0595,89.51,63,78,2.39
370,Praia Da Vitoria,PT,2022-05-06 03:07:48,38.7333,-27.0667,63.75,93,100,21.47
371,Birin,NP,2022-05-06 03:07:48,26.8865,88.0718,66.22,75,60,4.05
372,Saquarema,BR,2022-05-06 03:03:40,-22.92,-42.5103,71.35,83,1,15.7
373,Jabinyanah,TN,2022-05-06 03:07:49,35.035,10.9081,64.63,68,0,19.17
374,Faanui,PF,2022-05-06 03:07:49,-16.4833,-151.75,81.73,70,100,7.85
375,Murakami,JP,2022-05-06 03:07:50,38.2333,139.4833,76.44,46,2,5.01
376,Ust-Maya,RU,2022-05-06 03:07:50,60.4167,134.5333,41.47,61,89,6.85
377,Adrar,MR,2022-05-06 03:07:51,20.5022,-10.0711,75.63,21,3,10.27
378,Camocim,BR,2022-05-06 03:05:42,-2.9022,-40.8411,75.34,91,66,9.42
379,Santa Cruz,BO,2022-05-06 03:07:52,-17.8,-63.1667,58.46,82,0,8.05
380,Olinda,BR,2022-05-06 03:07:52,-8.0089,-34.8553,82.13,74,75,11.5
381,Areosa,PT,2022-05-06 03:07:53,41.7178,-8.8571,57.65,78,10,2.75
382,Mount Gambier,AU,2022-05-06 03:04:14,-37.8333,140.7667,53.17,83,94,7.38
383,Vilhena,BR,2022-05-06 03:07:53,-12.7406,-60.1458,64.99,75,7,2.28
384,Aransas Pass,US,2022-05-06 03:07:54,27.9095,-97.15,82.02,93,0,13.8
385,Iranshahr,IR,2022-05-06 03:07:54,27.2025,60.6848,87.22,22,0,2.53
386,The Valley,AI,2022-05-06 03:07:55,18.217,-63.0578,78.82,74,26,16.64
387,Bangkalan,ID,2022-05-06 03:07:55,-7.0455,112.7351,85.95,70,7,2.39
388,Mbekenyera,TZ,2022-05-06 03:07:56,-10.0,38.9833,65.95,95,0,3.18
389,Banyo,CM,2022-05-06 03:07:56,6.75,11.8167,65.1,96,100,2.39
390,San Ignacio,BZ,2022-05-06 03:07:57,17.1561,-89.0714,76.32,95,100,5.37
391,Alanya,TR,2022-05-06 03:07:57,36.5438,31.9998,60.93,49,0,7.31
392,Nancha,CN,2022-05-06 03:07:58,47.1333,129.2667,47.95,69,100,10.13
393,Riyadh,SA,2022-05-06 03:06:55,24.6877,46.7219,84.34,18,64,4.56
394,Arman,RU,2022-05-06 03:07:58,59.7,150.1667,34.02,96,100,8.9
395,Souillac,MU,2022-05-06 02:59:46,-20.5167,57.5167,75.58,88,40,18.41
396,Aksarka,RU,2022-05-06 03:07:59,66.5606,67.7975,22.55,90,83,8.48
397,Surt,LY,2022-05-06 03:07:59,31.2089,16.5887,72.72,31,48,23.85
398,Bitkine,TD,2022-05-06 03:08:00,11.9801,18.2138,84.99,44,92,6.26
399,Shache,CN,2022-05-06 03:08:00,38.4167,77.2406,76.23,22,89,7.47
400,Nosy Varika,MG,2022-05-06 03:08:01,-20.5833,48.5333,69.44,90,28,6.85
401,Constanza,DE,2022-05-06 03:08:01,47.6603,9.1758,52.74,95,100,3.0
402,Palu,ID,2022-05-06 03:08:02,-0.8917,119.8707,89.87,63,77,3.09
403,Vila,PT,2022-05-06 03:08:02,42.0304,-8.1588,49.08,80,5,4.38
404,Santa Fe,AR,2022-05-06 03:08:03,-31.6333,-60.7,64.0,87,2,5.99
405,Piacabucu,BR,2022-05-06 03:08:03,-10.4056,-36.4344,77.85,76,54,6.15
406,Samarai,PG,2022-05-06 03:08:04,-10.6167,150.6667,83.66,75,52,9.86
407,Beira,MZ,2022-05-06 03:08:04,-19.8436,34.8389,66.29,100,20,4.61
408,Kyabe,TD,2022-05-06 03:09:05,9.4515,18.9449,78.93,71,100,5.91
409,Arequipa,PE,2022-05-06 03:05:17,-16.3989,-71.535,60.58,54,0,1.86
410,Alice Springs,AU,2022-05-06 03:09:06,-23.7,133.8833,60.35,31,41,13.8
411,Kavieng,PG,2022-05-06 03:02:13,-2.5744,150.7967,84.61,75,63,13.04
412,Keti Bandar,PK,2022-05-06 03:09:06,24.1447,67.4497,83.23,62,0,12.71
413,Srednekolymsk,RU,2022-05-06 03:09:07,67.45,153.6833,34.66,98,100,5.79
414,Gravdal,NO,2022-05-06 03:09:07,68.1214,13.5031,39.09,87,75,10.36
415,Madanapalle,IN,2022-05-06 03:09:08,13.55,78.5,83.84,45,37,1.97
416,Lanigan,CA,2022-05-06 03:09:08,51.8501,-105.0344,66.78,44,99,8.43
417,Lamu,KE,2022-05-06 03:09:09,-2.2717,40.902,77.22,86,37,13.65
418,Pampierstad,ZA,2022-05-06 03:09:09,-27.7832,24.6877,55.47,43,0,4.03
419,Bulgan,MN,2022-05-06 03:09:10,48.8125,103.5347,45.18,32,85,8.48
420,Partizanskoye,RU,2022-05-06 03:09:10,55.5006,94.39,57.56,32,10,10.04
421,Franca,BR,2022-05-06 03:09:11,-20.5386,-47.4008,53.33,55,0,3.33
422,Saint Anthony,US,2022-05-06 03:09:11,45.0205,-93.218,57.78,60,0,1.01
423,Kijang,KR,2022-05-06 03:09:12,35.2442,129.2139,68.38,61,0,8.39
424,Korla,CN,2022-05-06 03:09:12,41.7597,86.1469,79.41,24,100,2.35
425,San Luis,AR,2022-05-06 03:06:31,-33.295,-66.3356,53.2,54,3,5.32
426,Khandbari,NP,2022-05-06 03:09:13,27.3747,87.2039,76.66,62,85,2.93
427,Mbala,ZM,2022-05-06 03:09:14,-8.8402,31.3659,59.23,86,100,8.66
428,Zhigansk,RU,2022-05-06 03:09:14,66.7697,123.3711,28.94,90,10,7.29
429,Sao Filipe,CV,2022-05-06 03:09:14,14.8961,-24.4956,71.76,82,19,4.61
430,Kaduna,NG,2022-05-06 03:09:15,10.5222,7.4383,79.99,63,100,5.01
431,Qasigiannguit,GL,2022-05-06 03:09:15,68.8193,-51.1922,14.25,88,3,6.35
432,Naze,JP,2022-05-06 03:09:16,28.3667,129.4833,69.51,92,99,16.28
433,Lichuan,CN,2022-05-06 03:09:16,30.3,108.85,75.45,41,97,2.15
434,Morgan City,US,2022-05-06 03:09:17,29.6994,-91.2068,78.01,100,75,6.91
435,Itaituba,BR,2022-05-06 03:09:17,-4.2761,-55.9836,73.38,98,5,1.07
436,Tevriz,RU,2022-05-06 03:09:18,57.509,72.4042,58.73,47,85,10.85
437,Dunmore Town,BS,2022-05-06 03:09:18,25.5,-76.65,77.31,74,0,2.28
438,Tautira,PF,2022-05-06 03:09:19,-17.7333,-149.15,81.43,77,22,11.48
439,Tabas,IR,2022-05-06 03:09:19,33.5959,56.9244,82.06,19,65,0.96
440,Manta,EC,2022-05-06 03:09:20,-0.95,-80.7333,74.98,100,100,2.3
441,Chippewa Falls,US,2022-05-06 03:09:20,44.9369,-91.3929,59.18,45,0,3.44
442,Najran,SA,2022-05-06 03:09:21,17.4924,44.1277,76.1,42,4,5.1
443,Oeiras,BR,2022-05-06 03:09:21,-7.0253,-42.1311,75.58,53,71,2.15
444,Haines Junction,CA,2022-05-06 03:09:22,60.7522,-137.5108,38.55,70,99,4.12
445,Rindal,NO,2022-05-06 03:09:22,63.0565,9.2124,41.0,74,100,7.0
446,Vanadzor,AM,2022-05-06 03:09:23,40.8046,44.4939,44.85,90,25,1.52
447,Darhan,MN,2022-05-06 03:09:23,49.4867,105.9228,47.17,22,62,4.09
448,Xique-Xique,BR,2022-05-06 03:09:24,-10.8218,-42.7263,78.31,54,19,10.74
449,Kindu,CD,2022-05-06 03:09:24,-2.95,25.95,68.67,99,99,1.79
450,Pitanga,BR,2022-05-06 03:05:09,-24.7572,-51.7614,51.67,92,0,2.62
451,Sept-Iles,CA,2022-05-06 03:09:25,50.2001,-66.3821,32.61,84,100,9.46
452,Muisne,EC,2022-05-06 03:09:26,0.6,-80.0333,75.63,83,100,2.1
453,Pasaje,EC,2022-05-06 03:09:26,-3.3333,-79.8167,73.58,93,88,0.54
454,Nioro,GM,2022-05-06 03:09:27,13.35,-15.75,80.35,30,0,5.75
455,Sawtell,AU,2022-05-06 03:09:27,-30.3833,153.1,72.19,68,100,11.5
456,Banda Aceh,ID,2022-05-06 03:09:28,5.5577,95.3222,78.85,86,100,9.1
457,Batagay-Alyta,RU,2022-05-06 03:10:28,67.8006,130.4114,25.27,71,27,2.28
458,Rivadavia,AR,2022-05-06 03:10:29,-33.1905,-68.4608,56.03,51,0,4.14
459,Saint George,US,2022-05-06 03:10:29,37.1041,-113.5841,81.19,14,0,6.91
460,Langham,CA,2022-05-06 03:10:30,52.3668,-106.9679,72.01,42,100,8.9
461,Lundazi,ZM,2022-05-06 03:10:30,-12.2929,33.1782,57.2,95,4,5.88
462,Atar,MR,2022-05-06 03:10:31,20.5169,-13.0499,77.67,21,34,8.93
463,Ust-Omchug,RU,2022-05-06 03:10:31,61.15,149.6333,30.38,83,100,9.35
464,Pacifica,US,2022-05-06 03:10:32,37.6138,-122.4869,62.6,86,75,13.8
465,Gemena,CD,2022-05-06 03:10:32,3.25,19.7667,68.52,98,100,1.99
466,Chambas,CU,2022-05-06 03:10:33,22.1928,-78.9136,73.99,89,0,4.97
467,Tocopilla,CL,2022-05-06 03:10:34,-22.092,-70.1979,64.56,73,4,3.62
468,Boke,GN,2022-05-06 03:10:34,10.9409,-14.2967,77.81,68,17,3.2
469,Sabang,ID,2022-05-06 03:10:35,5.8933,95.3214,80.65,82,100,15.37
470,Valer,NO,2022-05-06 03:10:35,60.6785,11.8331,39.29,90,42,0.78
471,Jurbarkas,LT,2022-05-06 03:10:36,55.0778,22.7664,47.84,96,100,4.56
472,Khilok,RU,2022-05-06 03:04:16,51.3674,110.4676,46.09,18,2,5.46
473,Mankera,PK,2022-05-06 03:10:36,31.3866,71.4407,90.03,24,0,5.73
474,Victoria,HK,2022-05-06 03:02:21,22.2855,114.1577,85.96,73,10,8.99
475,Mattru,SL,2022-05-06 03:10:37,7.6244,-11.8332,73.92,90,100,3.49
476,Derzhavinsk,KZ,2022-05-06 03:10:38,51.1,66.3167,58.98,47,81,15.28
477,Jos,NG,2022-05-06 03:10:38,9.9167,8.9,71.55,72,100,3.36
478,Bijela,BA,2022-05-06 03:10:39,43.6086,17.9519,54.0,84,100,1.1
479,Tilichiki,RU,2022-05-06 03:10:39,60.4667,166.1,31.55,89,100,8.03
480,Farias Brito,BR,2022-05-06 03:10:40,-6.9306,-39.5656,76.96,58,99,2.39
481,Goderich,CA,2022-05-06 03:10:40,43.7501,-81.7165,47.91,74,100,8.3
482,Doha,QA,2022-05-06 03:01:26,25.2867,51.5333,89.58,20,0,6.91
483,Campbellton,CA,2022-05-06 03:10:41,48.0075,-66.6727,32.85,79,30,6.67
484,Tuy Hoa,VN,2022-05-06 03:10:41,13.0833,109.3,83.39,76,87,7.7
485,Kungurtug,RU,2022-05-06 03:10:42,50.5994,97.5228,53.62,32,100,1.03
486,Damaturu,NG,2022-05-06 03:10:42,11.747,11.9608,86.86,45,100,10.13
487,Mae Sot,TH,2022-05-06 03:10:43,16.7167,98.5667,90.86,46,78,4.09
488,Nicoya,CR,2022-05-06 03:10:43,10.1483,-85.452,78.13,88,92,2.89
489,Kamaishi,JP,2022-05-06 03:10:44,39.2667,141.8833,65.05,62,4,13.62
490,Matagami,CA,2022-05-06 03:10:44,49.7502,-77.6328,23.68,86,2,4.88
491,Krasnoselkup,RU,2022-05-06 03:10:45,65.7,82.4667,20.75,73,80,5.03
492,Aripuana,BR,2022-05-06 03:10:45,-9.1667,-60.6333,72.09,94,63,1.5
493,Vurnary,RU,2022-05-06 03:10:46,55.4904,46.9648,35.13,55,0,6.29
494,Taonan,CN,2022-05-06 03:10:46,45.3333,122.7833,60.91,12,2,18.79
495,Darnah,LY,2022-05-06 03:10:47,32.767,22.6367,60.91,66,2,7.54
496,Ahmadpur East,PK,2022-05-06 03:10:47,29.1431,71.2598,97.57,19,0,11.45
497,Salalah,OM,2022-05-06 03:10:48,17.0151,54.0924,82.49,83,40,2.3
498,Amazar,RU,2022-05-06 03:10:48,53.858,120.875,43.65,21,70,10.18
499,Novyy Urengoy,RU,2022-05-06 03:10:49,66.0833,76.6333,16.09,80,64,4.54
500,Muravlenko,RU,2022-05-06 03:10:49,63.7898,74.523,22.91,91,100,13.58
501,Epernay,FR,2022-05-06 03:10:27,49.05,3.95,49.28,96,14,5.86
502,Mandal,IN,2022-05-06 03:10:50,25.45,74.5667,92.26,20,4,12.84
503,Te Anau,NZ,2022-05-06 03:10:50,-45.4167,167.7167,62.98,69,100,3.13
504,Paita,PE,2022-05-06 03:10:51,-5.0892,-81.1144,67.89,80,97,12.66
505,Diamantino,BR,2022-05-06 03:11:52,-14.4086,-56.4461,64.83,55,4,3.0
506,Curaca,BR,2022-05-06 03:11:52,-8.9903,-39.9094,74.21,75,76,12.55
507,Ambanja,MG,2022-05-06 03:11:53,-13.6833,48.45,69.87,82,39,3.94
508,Bayan,CN,2022-05-06 03:11:54,46.0833,127.4,51.1,55,98,16.04
509,Alofi,NU,2022-05-06 03:11:55,-19.0595,-169.9187,82.29,69,40,6.91
510,Cockburn Town,TC,2022-05-06 03:04:07,21.4612,-71.1419,77.99,77,5,17.34
511,Nichinan,JP,2022-05-06 03:11:55,31.6,131.3667,67.68,80,100,11.77
512,Bonthe,SL,2022-05-06 03:11:56,7.5264,-12.505,76.95,78,91,2.24
513,Igarka,RU,2022-05-06 03:11:57,67.4667,86.5833,19.69,81,22,10.38
514,Bilibino,RU,2022-05-06 03:11:57,68.0546,166.4372,33.82,92,100,2.51
515,Humaita,BR,2022-05-06 03:11:58,-7.5061,-63.0208,72.75,98,12,1.57
516,Souris,CA,2022-05-06 03:04:44,49.6172,-100.2612,53.74,64,86,9.78
517,Kikwit,CD,2022-05-06 03:12:01,-5.041,18.8162,71.01,86,90,1.39
518,Makakilo City,US,2022-05-06 03:12:02,21.3469,-158.0858,79.12,65,75,16.11
519,Leshukonskoye,RU,2022-05-06 03:12:03,64.8989,45.7622,28.29,73,8,3.74
520,Budogoshch,RU,2022-05-06 03:12:03,59.2816,32.4707,39.24,69,91,7.18
521,Slavutych,UA,2022-05-06 03:12:04,51.5196,30.7343,39.2,60,3,3.0
522,Marawi,PH,2022-05-06 03:12:05,7.9986,124.2928,83.68,57,100,3.2
523,Belyy Yar,RU,2022-05-06 03:12:05,53.6039,91.3903,56.86,28,0,2.24
524,Nouadhibou,MR,2022-05-06 03:12:06,20.931,-17.0347,64.24,85,32,16.87
525,Mega,ET,2022-05-06 03:12:06,4.05,38.3,57.07,95,21,6.35
526,Deoband,IN,2022-05-06 03:12:07,29.7,77.6833,90.05,26,0,5.79
527,Tiarei,PF,2022-05-06 03:12:07,-17.5333,-149.3333,78.82,78,23,11.23
528,Kalmunai,LK,2022-05-06 03:12:08,7.4167,81.8167,84.0,75,58,6.42
529,Manokwari,ID,2022-05-06 03:12:08,-0.8667,134.0833,84.87,70,66,4.21
530,Chulman,RU,2022-05-06 03:12:09,56.8479,124.9104,33.53,61,100,11.74
531,Sanmenxia,CN,2022-05-06 03:12:10,34.7747,111.1814,86.59,31,24,5.99
532,Mitsamiouli,KM,2022-05-06 03:12:10,-11.3847,43.2844,80.22,71,5,9.71
533,Teguldet,RU,2022-05-06 03:12:11,57.3064,88.1667,55.74,38,0,3.44
534,Moose Factory,CA,2022-05-06 03:12:11,51.2585,-80.6094,25.59,87,7,3.78
535,Culebra,PR,2022-05-06 03:12:12,18.303,-65.301,78.84,93,4,8.01
536,Luba,GQ,2022-05-06 03:12:12,3.4568,8.5547,78.26,85,100,15.1
537,Akureyri,IS,2022-05-06 03:12:14,65.6835,-18.0878,31.87,94,100,8.3
538,Beringovskiy,RU,2022-05-06 03:12:14,63.05,179.3167,30.47,77,24,2.51
539,Lisala,CD,2022-05-06 03:12:15,2.15,21.5167,69.19,99,100,1.88
540,Richards Bay,ZA,2022-05-06 03:12:15,-28.783,32.0377,63.09,93,1,6.4
541,Gerash,IR,2022-05-06 03:12:16,27.6652,54.1371,81.57,16,1,2.17
542,Ugoofaaru,MV,2022-05-06 03:12:17,5.6667,73.0,84.81,72,100,10.83
543,Dmitriyevka,RU,2022-05-06 03:12:17,54.75,55.3333,35.15,64,12,15.37
544,Safaga,EG,2022-05-06 03:12:18,26.7292,33.9365,67.96,52,0,13.87
545,Nagapattinam,IN,2022-05-06 03:12:18,10.7667,79.8333,88.14,64,52,7.49
546,San Policarpo,PH,2022-05-06 03:12:19,12.1791,125.5072,84.43,73,46,9.4
547,Bellefontaine,US,2022-05-06 03:10:47,40.3612,-83.7597,54.45,89,100,9.22
548,Viedma,AR,2022-05-06 03:13:20,-40.8135,-62.9967,57.49,61,11,5.39
549,Iquique,CL,2022-05-06 03:13:20,-20.2208,-70.1431,64.44,81,58,1.74
550,Waipawa,NZ,2022-05-06 03:13:21,-41.4122,175.5153,61.07,70,9,2.35
551,Grajau,BR,2022-05-06 03:13:21,-5.8194,-46.1386,72.66,95,15,1.32
552,Yumen,CN,2022-05-06 03:13:22,40.2833,97.2,65.52,20,100,28.41
553,Alenquer,BR,2022-05-06 03:13:22,-1.9417,-54.7383,74.53,97,86,3.38
554,Tevaitoa,PF,2022-05-06 03:13:23,-16.7833,-151.5,81.61,72,70,8.7
555,Ahuimanu,US,2022-05-06 03:13:24,21.4447,-157.8378,80.31,77,75,16.11
556,Huilong,CN,2022-05-06 03:13:24,31.8111,121.655,69.62,81,66,11.41
557,Peniche,PT,2022-05-06 03:09:04,39.3558,-9.3811,57.29,92,3,6.24
558,Ottawa,CA,2022-05-06 03:11:39,45.4112,-75.6981,52.57,53,100,2.01
559,Inhambane,MZ,2022-05-06 03:13:25,-23.865,35.3833,71.58,88,75,6.91
560,Marshalltown,US,2022-05-06 03:13:25,42.0494,-92.908,53.83,87,100,0.0
